Author,Year,DOI,TOTAL,Male,Female,G1,G1_n,G1_P1,G1_P2,G2,G2_n,G2_P1,G2_P2,G3,G3_n,G3_P1,G3_P2,G4,G4_n,G4_P1,G4_P2
"Amorim, Yamada, Robergs and Schneider",2010,10.1139/h10-040,10,8,2,OCP,2,Pill,,,,,,,,,,,,,
"Cain, Dennison, Zeitzer, Guzik, Khalsa, Santhi, Schoen, Czeisler and Duffy",2010,10.1177/0748730410374943,56,28,28,EUM,28,Not_Controlled,,,,,,,,,,,,,
"Casa, Stearns, Lopez, Ganio, Mcdermott, Walker Yeargin, Yamamoto, Mazerolle, Roti, Armstrong and Maresh",2010,10.4085/1062-6050-45.2.147,17,9,8,Not_Reported,,,,,,,,,,,,,,,
"Chen, Shih and Chi",2010,10.1177/0018720810376514,24,12,12,Not_Reported,,,,,,,,,,,,,,,
"Coca, Roberge, Williams, Landsittel, Powell and Palmiero",2010,10.1080/15459620903455722,10,8,2,Not_Reported,,,,,,,,,,,,,,,
"Cochrane, Stannard, Firth and Rittweger",2010,10.1111/j.1475-097X.2010.00931.x,10,5,5,Not_Reported,,,,,,,,,,,,,,,
"Daniusevi?i?t?, Brazaitis, Skurvydas, Sipavi?ien?, Linonis, Pie?aitien? and Eimantas",2010,,9,,9,EUM,9,Follicular,Ovulation,,,,,,,,,,,,
"Dewhurst, Macaluso, Gizzi, Felici, Farina and De Vito",2010,10.1007/s00421-009-1245-9,27,,27,Not_Reported,,,,,,,,,,,,,,,
"Domitrovich, Cuddy and Ruby",2010,10.4085/1062-6050-45.6.594,7,3,4,Not_Reported,,,,,,,,,,,,,,,
"Ftaiti, Kacem, Jaidane, Tabka and Dogui",2010,10.1016/j.apergo.2010.01.008,7,,7,EUM,7,Mid_Follicular,,,,,,,,,,,,,
"Gompper, Bromundt, Orgul, Flammer and Krauchi",2010,10.3109/07420528.2010.520786,21,,21,OCP,10,Not_Reported,,EUM,11,Luteal,,,,,,,,,
"Greiner, Clegg, Walsh and White",2010,10.1007/s00421-010-1352-7,8,5,3,Not_Reported,,,,,,,,,,,,,,,
"Grimaldi, Agati, Pierangeli, Franceschini, Guaraldi, Barletta, Vandi, Cevoli, Plazzi, Montagna and Cortelli",2010,10.3109/07420528.2010.504907,10,7,3,Not_Reported,,,,,,,,,,,,,,,
"Hansen, Geving and Reinertsen",2010,10.1080/10803548.2010.11076864,14,13,1,Not_Reported,,,,,,,,,,,,,,,
"Hostler, Bednez, Kerin, Reis, Kong, Morley, Gallagher and Suyama",2010,10.3109/10903120903524963,18,16,2,OCP,2,Not_Controlled,,,,,,,,,,,,,
"Hostler, Reis, Bednez, Kerin and Suyama",2010,10.3109/10903121003770654,18,14,4,Not_Reported,,,,,,,,,,,,,,,
"Ichinose-Kuwahara, Inoue, Iseki, Hara, Ogura and Kondo",2010,10.1113/expphysiol.2010.053710,37,17,20,EUM,20,Mid_Follicular,,,,,,,,,,,,,
"Isojarvi, Keinanen-Kiukaanniemi, Kallio, Kaikkonen, Jamsa, Korpelainen and Korpelainen",2010,10.1249/MSS.0b013e3181cb8331,40,14,26,Not_Reported,,,,,,,,,,,,,,,
"Jay, Ducharme, Webb, Reardon and Kenny",2010,10.1152/ajpregu.00546.2009,56,33,23,Not_Reported,,,,,,,,,,,,,,,
"Malan, Dawson, Goodman and Peeling",2010,10.1016/j.jsams.2009.03.009,10,5,5,Not_Reported,,,,,,,,,,,,,,,
"Mora-Rodriguez, Del Coso, Hamouti, Estevez and Ortega",2010,10.1007/s00421-010-1436-4,20,14,6,Not_Reported,,,,,,,,,,,,,,,
"Nolte, Noakes and Van Vuuren",2010,10.1249/MSS.0b013e3181d6f9d0,15,13,2,Not_Reported,,,,,,,,,,,,,,,
"Pritchett, Bishop, Yang, Pritchett, Green, Katica and Del Pozzi",2010,10.1007/s00421-010-1371-4,7,3,4,Not_Reported,,,,,,,,,,,,,,,
"Silva, Wang, Ronda, Wyatt and Duffy",2010,10.1093/sleep/33.4.481,20,10,10,EUM,5,Not_Reported,,Not_Reported,5,,,,,,,,,,
"Stachenfeld, Yeckel and Taylor",2010,10.1249/MSS.0b013e3181d8cf68,7,,7,EUM,7,Late_Luteal,,,,,,,,,,,,,
"Stein, Makkink and Vincent-Lambert",2010,10.3109/10903120903349747,19,15,4,Not_Reported,,,,,,,,,,,,,,,
"Ali, Gardiner, Foskett and Gant",2011,10.1111/j.1600-0838.2009.01055.x,10,,10,EUM,10,Luteal,,,,,,,,,,,,,
"Bagley, Judelson, Spiering, Beam, Bartolini, Washburn, Carney, Muloz, Yeargin and Casa",2011,,25,13,12,Not_Reported,,,,,,,,,,,,,,,
"Buono, Tabor and White",2011,10.1152/ajpregu.00228.2010,14,8,6,Not_Reported,,,,,,,,,,,,,,,
"Cahill, Kalmar, Pretorius, Gardiner and Giesbrecht",2011,10.1113/expphysiol.2010.054973,7,6,1,Not_Controlled,1,,,,,,,,,,,,,,
"Cathcart, Murgatroyd, Mcnab, Whyte and Easton",2011,10.1007/s00421-011-1831-5,26,24,2,Not_Reported,,,,,,,,,,,,,,,
"Colburn, Suyama, Reis, Morley, Goss, Chen, Moore and Hostler",2011,10.3109/10903127.2010.545482,25,23,2,Not_Reported,,,,,,,,,,,,,,,
Conrado and Munin,2011,10.1111/j.1473-2165.2010.00537.x,42,,42,Not_Reported,,,,,,,,,,,,,,,
"Corbalan-Tutau, Madrid, Ordovas, Smith, Nicolas and Garaulet",2011,10.3109/07420528.2011.574766,70,,70,Not_Reported,,,,,,,,,,,,,,,
"Coso, Hamouti, Ortega, Fern�ndez-El�as, Mora-Rodr�guez, Coso, Fern�ndez-El�as and Mora-Rodr�guez",2011,,28,22,6,Not_Reported,,,,,,,,,,,,,,,
"Cotie, Geurts, Adams and Macdonald",2011,10.1038/sc.2010.52,7,6,1,Not_Reported,,,,,,,,,,,,,,,
"Cui, Shibasaki, Low, Keller, Davis and Crandall",2011,10.1007/s10286-011-0126-6,11,7,4,Not_Reported,,,,,,,,,,,,,,,
"Duffield, Bird and Ballard",2011,,8,6,2,Not_Reported,,,,,,,,,,,,,,,
"Duffy, Cain, Chang, Phillips, M�nch, Gronfier, Wyatt, Dijk, Wright and Czeisler",2011,10.1073/pnas.1010666108,157,105,52,Not_Reported,,,,,,,,,,,,,,,
"Eijsvogels, Veltmeijer, Schreuder, Poelkens, Thijssen and Hopman",2011,10.1038/ijo.2010.277,93,48,45,Not_Reported,,,,,,,,,,,,,,,
"Freedman, Kruger and Tancer",2011,10.1097/gme.0b013e31820ccae9,32,,32,Amenorrheic/Oligomenorrheic,42,,,,,,,,,,,,,,
Gagnon and Kenny,2011,10.1113/jphysiol.2011.219220,18,9,9,EUM,3,Follicular,,OCP,6,Placebo,,,,,,,,,
"Hayashi, Honda, Miyakawa, Fujii, Ichinose, Koga, Kondo and Nishiyasu",2011,10.1152/japplphysiol.00010.2010,13,10,3,Not_Reported,,,,,,,,,,,,,,,
"Heikens, Gorbach, Eden, Savastano, Chen, Skarulis and Yanovski",2011,10.3945/ajcn.110.006270,112,38,74,EUM,,Follicular,,Amenorrheic/Oligomenorrheic,,,,,,,,,,,
"Jouris, Mcdaniel and Weiss",2011,,11,3,8,Not_Reported,,,,,,,,,,,,,,,
"Lodde, Quidelleur, Igoho-Zephir, Eniafe-Eveillard, Choucroun, Dewitte and Baert",2011,,43,40,3,Not_Reported,,,,,,,,,,,,,,,
"Lohman, Bains, Lohman, Deleon and Petrofsky",2011,10.12659/msm.881921,10,5,5,Not_Reported,,,,,,,,,,,,,,,
"Lopez, Casa, Jensen, Demartini, Pagnotta, Ruiz, Roti, Stearns, Armstrong and Maresh",2011,,14,7,7,Not_Reported,,,,,,,,,,,,,,,
"Mora-Rodriguez, Ortega and Hamouti",2011,10.1007/s00421-010-1733-y,9,4,5,EUM,5,Not_Controlled,,,,,,,,,,,,,
"Nolte, Noakes and Van Vuuren",2011,10.1136/bjsm.2010.075507,20,16,4,Not_Reported,,,,,,,,,,,,,,,
"Scheer, Michelson, Frelinger, Evoniuk, Kelly, Mccarthy, Doamekpor, Barnard and Shea",2011,10.1371/journal.pone.0024549,12,6,6,Not_Reported,,,,,,,,,,,,,,,
"Shaharudin, Ghosh and Ismail",2011,,12,,12,EUM,12,Mid_Luteal,Mid_Follicular,,,,,,,,,,,,
Teunissen and Daanen,2011,10.3109/03091902.2011.554595,10,6,4,Not_Reported,,,,,,,,,,,,,,,
"Teunissen, De Haan, De Koning, Clairbois and Daanen",2011,10.1088/0967-3334/32/9/004,7,5,2,Not_Reported,,,,,,,,,,,,,,,
"Teunissen, Klewer, De Haan, De Koning and Daanen",2011,10.1088/0967-3334/32/5/005,7,4,3,Not_Reported,,,,,,,,,,,,,,,
"Tippet, Stofan, Lacambra and Horswill",2011,10.4085/1062-6050-46.1.55,7,,7,Not_Reported,,,,,,,,,,,,,,,
Tyler,2011,10.1088/0967-3334/32/10/003,11,8,3,Not_Reported,,,,,,,,,,,,,,,
"Xhauflaire-Uhoda, Mayeux, Quatresooz, Scheen and Pierard",2011,10.1111/j.1600-0846.2011.00523.x,20,14,6,Not_Reported,,,,,,,,,,,,,,,
"Binnie, Landers and Peeling",2012,10.1519/JSC.0b013e31823f29c6,7,5,2,Not_Reported,,,,,,,,,,,,,,,
"Blazquez, Martinez-Nicolas, Salazar, Rol and Madrid",2012,10.3109/07420528.2012.679328,28,13,15,Not_Reported,,,,,,,,,,,,,,,
"Burgess, Duncan, Hu, Littau, Caseman, Kurzius-Spencer, Davis-Gorman and Mcdonagh",2012,10.1097/JOM.0b013e3182619018,94,88,6,Not_Reported,,,,,,,,,,,,,,,
"Burtscher, Kofler, Gatterer, Faulhaber, Philippe, Fischer, Walther and Herten",2012,10.1097/JSM.0b013e318257c9cc,9,6,3,Not_Reported,,,,,,,,,,,,,,,
"Costello, Algar and Donnelly",2012,10.1111/j.1600-0838.2011.01292.x,36,24,12,Not_Reported,,,,,,,,,,,,,,,
"Davis, Bishop, Zhang, Matt Green, Casaru, Orrick, Curtner-Smith, Richardson and Schumacker",2012,10.1007/s00421-011-2026-9,8,,8,Not_Reported,,,,,,,,,,,,,,,
"Galazoulas, Tzimou, Karamousalidis and Mougios",2012,10.1007/s00421-012-2320-1,14,7,7,Not_Reported,,,,,,,,,,,,,,,
"Gallagher, Robertson, Goss, Nagle-Stilley, Schafer, Suyama and Hostler",2012,,65,54,11,Not_Reported,,,,,,,,,,,,,,,
"Hartley, Flouris, Plyley and Cheung",2012,10.1016/j.physbeh.2011.12.017,20,15,5,Not_Reported,,,,,,,,,,,,,,,
"Hayashi, Kawashima and Suzuki",2012,10.1152/japplphysiol.01199.2011,10,,10,EUM,10,Follicular,Luteal,,,,,,,,,,,,
"He, Votruba, Pomeroy, Bonfiglio and Krakoff",2012,10.1371/journal.pone.0036225,21,15,6,Not_Reported,,,,,,,,,,,,,,,
"Hoffmann, Rodriguez, Zeiss, Wachsberg, Kushner, Landsberg and Linsenmeier",2012,10.1038/oby.2011.380,24,12,12,EUM,12,Follicular,,,,,,,,,,,,,
"Janse De Jonge, Thompson, Chuter, Silk and Thom",2012,10.1249/MSS.0b013e3182656f13,12,,12,EUM,12,Early_Follicular,Mid_Luteal,,,,,,,,,,,,
"Logan-Sprenger, F. Heigenhauser, Killian and Spriet",2012,,9,,9,OCP,9,,,,,,,,,,,,,,
"Lohman, Sackiriyas, Bains, Calandra, Lobo, Nakhro, Malthankar and Paul",2012,10.12659/msm.883209,10,7,3,Not_Reported,,,,,,,,,,,,,,,
"Lopez, Eberman and Cleary",2012,10.1519/JSC.0b013e3182736e5b,9,5,4,Not_Reported,,,,,,,,,,,,,,,
"Morley, Beauchamp, Suyama, Guyette, Reis, Callaway and Hostler",2012,,29,5,24,Not_Reported,,,,,,,,,,,,,,,
"Raines, Snow, Petersen, Harvey, Nichols and Aisbett",2012,10.1016/j.apergo.2011.08.007,32,31,1,Not_Reported,,,,,,,,,,,,,,,
"Romberg, Ikonen, Ruutiainen, Virtanen and Hamalainen",2012,10.1016/j.jns.2012.05.024,19,5,14,Not_Reported,,,,,,,,,,,,,,,
"Romeijn, Verweij, Koeleman, Mooij, Steimke, Virkkala, Van Der Werf and Van Someren",2012,10.5665/sleep.2242,8,5,3,EUM,3,Follicular,,,,,,,,,,,,,
"Singh, Denissen, Mckune and Peters",2012,10.1097/JSM.0b013e318248e27f,12,5,7,Not_Reported,,,,,,,,,,,,,,,
Smith and Havenith,2012,10.1249/MSS.0b013e318267b0c4,13,,13,Not_Controlled,,,,,,,,,,,,,,,
"Sporer, Cote and Sleivert",2012,10.1123/ijspp.7.3.295,4,2,2,Not_Reported,,,,,,,,,,,,,,,
"Teunissen, De Haan, De Koning and Daanen",2012,10.1088/0967-3334/33/6/915,9,6,3,Not_Reported,,,,,,,,,,,,,,,
Wan and Chung,2012,10.1111/j.1742-7924.2011.00191.x,151,,151,EUM,93,Not_Controlled,,Amenorrheic/Oligomenorrheic,58,Not Controlled,,,,,,,,,
"Wright, Mclellan, Friesen, Casa and Kenny",2012,10.1152/japplphysiol.00523.2012,9,7,2,Not_Reported,,,,,,,,,,,,,,,
"Abdi Hamzehkolaei, Dabidi Roshan and Hosseinzadeh",2013,,45,,45,Not_Reported,,,,,,,,,,,,,,,
Akehi and Long,2013,,30,11,19,Not_Reported,,,,,,,,,,,,,,,
"Ayres, White, Hedger and Scurr",2013,10.1080/00140139.2013.789554,8,,8,Not_Reported,,,,,,,,,,,,,,,
"Bijlenga, Van Someren, Gruber, Bron, Kruithof, Spanbroek and Kooij",2013,10.1111/jsr.12075,12,6,6,Not_Reported,,,,,,,,,,,,,,,
"Birkemose, Moller, Madsen, Brantlov, Sorensen, Overgaard and Johansen",2013,10.1109/embc.2013.6610178,14,6,8,Not_Reported,,,,,,,,,,,,,,,
"Bonfiglioli, Mussoni, Graziosi, Calabrese, Farioli, Marinelli and Violante",2013,10.1016/j.jelekin.2012.09.001,28,13,15,Not_Reported,,,,,,,,,,,,,,,
"Brearley, Heaney and Norton",2013,10.1017/s1049023x12001847,10,4,6,Not_Reported,,,,,,,,,,,,,,,
"Bromundt, Wirz-Justice, Kyburz, Opwis, Dammann and Cajochen",2013,10.1521/pedi_2012_26_057,10,,10,Not_Reported,,,,,,,,,,,,,,,
"Bruning, Dahmus, Kenney and Alexander",2013,10.1249/MSS.0b013e31827981dc,14,7,7,Amenorrheic/Oligomenorrheic,5,,,EUM,2,Early_Follicular,,,,,,,,,
"Bryan, Magnan, Hooper, Ciccolo, Marcus and Hutchison",2013,10.1186/1479-5868-10-139,218,43,175,EUM,175,Not_Reported,,,,,,,,,,,,,
"Cuesta-Vargas, Trave-Mesa, Vera-Cabrera, Cruz-Terron, Castro-Sanchez, Fernandez-De-Las-Penas and Arroyo-Morales",2013,10.1186/1472-6882-13-180,34,17,17,Not_Reported,,,,,,,,,,,,,,,
"Del Coso, Fernandez De Velasco, Abian-Vicen, Salinero, Gonzalez-Millan, Areces, Ruiz, Gallo, Calleja-Gonzalez and Perez-Gonzalez",2013,10.1371/journal.pone.0057602,40,34,6,Not_Reported,,,,,,,,,,,,,,,
"Eglin, Golden and Tipton",2013,10.1186/2046-7648-2-16,23,21,2,Not_Reported,,,,,,,,,,,,,,,
"Fontecave-Jallon, Baconnier, Tanguy, Eymaron, Rongier and Gumery",2013,10.1007/s10441-013-9192-6,8,5,3,Not_Reported,,,,,,,,,,,,,,,
"Formenti, Ludwig, Gargano, Gondola, Dellerma, Caumo and Alberti",2013,10.1007/s10439-012-0718-x,14,,14,Not_Reported,,,,,,,,,,,,,,,
Games and Sefton,2013,10.1111/j.1600-0838.2011.01419.x,14,5,9,Not_Reported,,,,,,,,,,,,,,,
"Ganio, Gagnon, Stapleton, Crandall and Kenny",2013,10.1097/BCR.0b013e31826c32c0,1,,1,Not_Reported,,,,,,,,,,,,,,,
"Goss, Robertson, Gallagher Jr, Haile, Morley, Suyama and Hostler",2013,10.2466/27.29.PMS.116.3.773-783,21,16,5,Not_Reported,,,,,,,,,,,,,,,
"Hodge, Jones, Martinez and Buono",2013,10.1016/j.autneu.2013.02.017,8,5,3,Not_Reported,,,,,,,,,,,,,,,
"Horn, Blevins, Fernhall and Smith",2013,10.1080/00140139.2013.818719,9,6,3,Not_Reported,,,,,,,,,,,,,,,
"Hue, Monjo, Lazzaro, Baillot, Hellard, Marlin and Jean-Etienne",2013,10.1123/ijspp.8.4.442,9,5,4,Not_Reported,,,,,,,,,,,,,,,
"Jan, Liao, Rice and Woods",2013,10.1016/j.apmr.2013.03.022,20,10,10,Not_Reported,,,,,,,,,,,,,,,
"Kenny, Stapleton, Yardley, Boulay and Sigal",2013,10.1249/MSS.0b013e3182940836,10,6,4,Not_Reported,,,,,,,,,,,,,,,
"Lakin, Notarius, Thomas and Goodman",2013,10.1042/cs20120508,21,11,10,OCP,,Pill,,,,,,,,,,,,,
"Lee, Brown, Lange and Brothers",2013,10.1519/JSC.0b013e318291b29f,10,8,2,Not_Reported,,,,,,,,,,,,,,,
"Martinez-Nicolas, Ortiz-Tudela, Rol and Madrid",2013,10.1371/journal.pone.0061142,103,48,55,Not_Reported,,,,,,,,,,,,,,,
"Otterstetter, Johnson, Kiger, Agnor, Edwards, Naylor and Krone",2013,10.1038/ejcn.2013.133,40,22,18,Not_Reported,,,,,,,,,,,,,,,
"Parker, Erin, Pryor, Khorana, Suyama, Guyette, Reis and Hostler",2013,10.1016/j.wem.2013.01.010,40,24,16,Not_Reported,,,,,,,,,,,,,,,
Paulson and Shay,2013,10.1136/acupmed-2012-010223,36,17,19,Not_Reported,,,,,,,,,,,,,,,
Racinais,2013,10.1186/2193-1801-2-317,25,15,10,Not_Reported,,,,,,,,,,,,,,,
Racinais and Cresswell,2013,10.1002/phy2.19,14,7,7,Not_Reported,,,,,,,,,,,,,,,
"Raines, Snow, Petersen, Harvey, Nichols and Aisbett",2013,10.1016/j.apergo.2012.10.002,34,32,2,Not_Reported,,,,,,,,,,,,,,,
Simic and Ravlic,2013,10.2478/10004-1254-64-2013-2167,19,,19,EUM,19,Early_Follicular,Late_Follicular,EUM,,Mid_Luteal,Early_Follicular,,,,,,,,
"Squarcini, Pires, Lopes, Benedito-Silva, Esteves, Cornelissen-Guillaume, Matarazzo, Garcia, Silva, Tufik and Mello",2013,,10,6,4,Not_Reported,,,,,,,,,,,,,,,
"Stapleton, Yardley, Boulay, Sigal and Kenny",2013,10.1249/MSS.0b013e31829002f3,12,7,5,Not_Reported,,,,,,,,,,,,,,,
"Tenan, Peng, Hackney and Griffin",2013,10.1249/MSS.0b013e318299a69d,18,11,7,EUM,7,Early_Follicular,Late_Follicular,EUM,,Mid_Luteal,Late_Luteal,EUM,,Ovulation,,,,,
"West, Dietzig, Bracken, Cunningham, Crewther, Cook and Kilduff",2013,10.1016/j.jsams.2012.06.002,8,4,4,Not_Reported,,,,,,,,,,,,,,,
"Yu, Bilberg, Dalgas and Stenager",2013,10.3109/17483107.2012.680941,9,1,8,Not_Reported,,,,,,,,,,,,,,,
"Altrichter, Salow, Ardelean, Church, Werner and Maurer",2014,10.1016/j.jdermsci.2014.04.007,10,5,5,Not_Reported,,,,,,,,,,,,,,,
"Belkhiria-Turki, Chaouachi, Turki, Hammami, Chtara, Amri, Drinkwater and Behm",2014,https://protect-au.mimecast.com/s/ubmJCMwvOEhql6YooUWoP0Q?domain=d1wqtxts1xzle7.cloudfront.net,,,,,,,,,,,,,,,,,,,
"Bongers, Eijsvogels, Nyakayiru, Veltmeijer, Thijssen and Hopman",2014,10.1007/s11357-014-9725-1,79,49,30,Not_Reported,,,,,,,,,,,,,,,
Borisov and Lin,2014,10.1016/j.exger.2014.06.005,23,15,8,Not_Reported,,,,,,,,,,,,,,,
"Buono, Holloway, Levine, Rasmussen and Kolkhorst",2014,,7,2,5,EUM,5,Follicular,,,,,,,,,,,,,
"Burdon, Easthope, Johnson, Chapman and O'connor",2014,10.1139/apnm-2013-0394,8,5,3,EUM,3,Not_Reported,,,,,,,,,,,,,
"Correa, Molina and Sanabria",2014,10.1016/j.aap.2014.02.020,25,,25,Not_Reported,,,,,,,,,,,,,,,
"Cuddy, Hailes and Ruby",2014,10.1016/j.jtherbio.2014.04.002,60,49,11,Not_Reported,,,,,,,,,,,,,,,
"Davis, Etheredge, Marcus and Bellar",2014,10.1155/2014/781863,12,9,3,Not_Reported,,,,,,,,,,,,,,,
"Davis, Thigpen, Hornsby, Green, Coates and O'neal",2014,10.1080/17461391.2014.894578,13,11,2,Not_Reported,,,,,,,,,,,,,,,
"Del Coso, Gonzalez, Abian-Vicen, Salinero Martin, Soriano, Areces, Ruiz, Gallo, Lara and Calleja-Gonzalez",2014,10.1080/02640414.2014.915425,34,30,4,Not_Reported,,,,,,,,,,,,,,,
"Filingeri, Redortier, Hodder and Havenith",2014,10.1016/j.neuroscience.2013.11.019,8,,8,Not_Reported,,,,,,,,,,,,,,,
"Flouris, Wright-Beatty, Friesen, Casa and Kenny",2014,,9,7,2,EUM,2,Follicular,,,,,,,,,,,,,
"Foster, Koehle, Dominelli, Mwangi, Onywera, Boit, Tremblay, Boit and Sheel",2014,10.1249/mss.0000000000000161,14,10,4,Not_Reported,,,,,,,,,,,,,,,
"Greaney, Stanhewicz, Kenney and Alexander",2014,10.1152/japplphysiol.00516.2014,23,13,10,EUM,,Early_Follicular,,OCP,,Placebo,,,,,,,,,
"Hew-Butler, Hummel, Rider and Verbalis",2014,10.1152/ajpregu.00120.2014,10,8,2,EUM,1,Follicular,,Amenorrheic/Oligomenorrheic,1,Not Controlled,,,,,,,,,
"Juliff, Halson, Bonetti, Versey, Driller and Peiffer",2014,10.1519/jsc.0000000000000417,10,,10,Not_Reported,,,,,,,,,,,,,,,
"Krauchi, Konieczka, Roescheisen-Weich, Gompper, Hauenstein, Schoetzau, Fraenkl and Flammer",2014,10.3109/07420528.2013.829482,19,,19,EUM,19,Luteal,Follicular,,,,,,,,,,,,
"Lee, Petrofsky, Daher, Berk and Laymon",2014,,19,,19,EUM,10,Early_Follicular,Follicular,EUM,,Ovulation,Luteal,OCP,9,Pill,Placebo,,,,
"Lisman, Kazman, O'connor, Heled and Deuster",2014,10.7205/milmed-d-14-00169,46,34,12,Not_Reported,,,,,,,,,,,,,,,
"Mcgarr, Hartley and Cheung",2014,10.1080/15459624.2013.816429,16,11,5,Not_Reported,,,,,,,,,,,,,,,
"Moyen, Mundel, Du Bois, Ciccone, Morton and Judelson",2014,10.3357/asem.3993.2014,10,,10,EUM,,Follicular,,OCP,,Placebo,,,,,,,,,
"Op 'T Eijnde, Keytsman, Wens and Hansen",2014,10.3233/nre-141159,12,5,7,Not_Reported,,,,,,,,,,,,,,,
Parrott and Young,2014,10.4161/23328940.2014.977182,68,38,30,Not_Reported,,,,,,,,,,,,,,,
Pate and Buono,2014,,24,5,19,Not_Reported,,,,,,,,,,,,,,,
"Pearson, Lucas, Schlader, Zhao, Gagnon and Crandall",2014,10.1152/ajpregu.00199.2014,8,6,2,EUM,1,Follicular,,OCP,1,Placebo,,,,,,,,,
"Ramos-Jimenez, Hernandez-Torres, Wall-Medrano, Torres-Duran, Juarez-Oropeza, Viloria and Villalobos-Molina",2014,10.3305/nh.2014.29.3.7017,21,12,9,EUM,9,Mid_Follicular,,,,,,,,,,,,,
Raymond and Barringer,2014,10.1080/10803548.2014.11077040,93,74,19,Not_Reported,,,,,,,,,,,,,,,
"Savage, Lord, Larsen, Knight, Langridge and Aisbett",2014,10.1016/j.jtherbio.2014.10.003,48,46,2,Not_Reported,,,,,,,,,,,,,,,
"Solianik, Skurvydas, Mickeviciene and Brazaitis",2014,10.1016/j.cryobiol.2014.08.007,32,18,14,EUM,14,Follicular,,,,,,,,,,,,,
"Taylor, Mauger, Watkins, Fitch, Brewer, Maxwell, Webborn and Castle",2014,10.1519/jsc.0000000000000558,8,,8,EUM,5,Follicular,,EUM,3,Luteal,,,,,,,,,
"Veltmeijer, Pluim, Thijssen, Hopman and Eijsvogels",2014,10.1038/sc.2014.27,8,5,3,Not_Reported,,,,,,,,,,,,,,,
"Venckunas, Trinkunas, Kamandulis, Poderys, Grunovas and Brazaitis",2014,10.1155/2014/353040,13,,13,Not_Reported,,,,,,,,,,,,,,,
"Yakushkin, Akimov, Andreev, Kalenov, Kozlov, Kuznetsova and Son'kin",2014,,10,7,3,Not_Reported,,,,,,,,,,,,,,,
"Yang, Nepocatych, Katica, Collins, Casaru, Balilionis, Sj�kvist and Bishop",2014,,7,6,1,Not_Reported,,,,,,,,,,,,,,,
"Zadeh, Shepley, Williams and Chung",2014,10.1177/193758671400700405,12,2,10,Not_Reported,,,,,,,,,,,,,,,
"Adams, Ganio, Burchfield, Matthews, Werner, Chokbengboun, Dougherty and Lachance",2015,,20,,20,EUM,20,Early_Follicular,,,,,,,,,,,,,
"Amano, Ichinose, Inoue, Nishiyasu, Koga and Kondo",2015,10.1152/ajpregu.00005.2015,14,6,8,EUM,8,Follicular,,,,,,,,,,,,,
"Benda, Seeger, Van Lier, Bellersen, Van Dijk, Hopman and Thijssen",2015,10.1113/ep085040,14,12,2,Not_Reported,,,,,,,,,,,,,,,
"Bonmati-Carrion, Middleton, Revell, Skene, Rol and Madrid",2015,10.3109/07420528.2015.1016613,13,7,6,Not_Reported,,,,,,,,,,,,,,,
"Brearley, Sherburn, Galea and Clarke",2015,10.1016/j.jphys.2015.08.004,109,,109,Pregnant,109,,,,,,,,,,,,,,
"Coombs, Cramer, Ravanelli, Morris and Jay",2015,10.1111/sms.12336,9,8,1,Not_Reported,,,,,,,,,,,,,,,
Crabtree and Blannin,2015,10.1249/mss.0000000000000391,16,10,6,Not_Reported,,,,,,,,,,,,,,,
"Cuddy, Sol, Hailes and Ruby",2015,10.1016/j.wem.2014.12.010,15,12,3,Not_Reported,,,,,,,,,,,,,,,
"Dos Santos Haupenthal, De Noronha, Haupenthal, Ruschel and Nunes",2015,,20,10,10,Not_Reported,,,,,,,,,,,,,,,
"Earhart, Weiss, Rahman and Kelly",2015,,11,4,7,Not_Reported,,,,,,,,,,,,,,,
"Flouris, Webb and Kenny",2015,10.1152/japplphysiol.00932.2014,36,24,12,Not_Reported,,,,,,,,,,,,,,,
"Ganio, Schlader, Pearson, Lucas, Gagnon, Rivas, Kowalske and Crandall",2015,10.1249/mss.0000000000000655,43,24,19,Not_Reported,,,,,,,,,,,,,,,
"Gill, Hankey, Wright, Marczak, Hemming, Allerton, Ansley-Robson and Costa",2015,10.1055/s-0034-1398535,17,14,3,Not_Reported,,,,,,,,,,,,,,,
"Gill, Teixeira, Rama, Prestes, Rosado, Hankey, Scheer, Hemmings, Ansley-Robson and Costa",2015,,31,18,13,Not_Reported,,,,,,,,,,,,,,,
"Gonzalez-Alonso, Calbet, Boushel, Helge, Sondergaard, Munch-Andersen, Van Hall, Mortensen and Secher",2015,10.1113/ep085383,28,22,6,Not_Reported,,,,,,,,,,,,,,,
"Griggs, Leicht, Price and Goosey-Tolfrey",2015,10.1123/ijspp.2014-0361,16,14,2,Not_Reported,,,,,,,,,,,,,,,
Harrop and Woodruff,2015,10.1519/jsc.0000000000000715,36,15,21,EUM,21,Follicular,,,,,,,,,,,,,
"Horn, Kesler, Motl, Hsiao-Wecksler, Klaren, Ensari, Petrucci, Fernhall and Rosengren",2015,10.1080/00140139.2014.997806,19,18,1,Not_Reported,,,,,,,,,,,,,,,
"Hue, Monjo and Riera",2015,10.1055/s-0035-1548812,8,5,3,Not_Reported,,,,,,,,,,,,,,,
"Kazman, Purvis, Heled, Lisman, Atias, Van Arsdale and Deuster",2015,,75,55,20,EUM,20,Follicular,,,,,,,,,,,,,
"Keene, Brearley, Bowen and Walker",2015,10.1017/s1049023x15005038,45,42,3,Not_Reported,,,,,,,,,,,,,,,
"Larsen, Snow and Aisbett",2015,10.1016/j.jtherbio.2015.07.008,38,31,7,Not_Reported,,,,,,,,,,,,,,,
"Larsen, Snow, Vincent, Tran, Wolkow and Aisbett",2015,10.1371/journal.pone.0136413,36,31,5,Not_Reported,,,,,,,,,,,,,,,
"Legrand, Joly and Bertucci",2015,10.1080/02701367.2015.1046588,170,111,59,Not_Reported,,,,,,,,,,,,,,,
"Madden, Ashe and Chase",2015,10.5888/pcd12.150100,50,23,27,Not_Reported,,,,,,,,,,,,,,,
"Mcfarlin, Venable, Williams and Jackson",2015,10.5604/20831862.1124569,30,14,16,Not_Reported,,,,,,,,,,,,,,,
"Mcginn, Carter, Barrera-Ramirez, Sigal, Flouris and Kenny",2015,10.1111/sms.12344,8,5,3,Amenorrheic/Oligomenorrheic,1,Not_Reported,,Not_Reported,2,,,,,,,,,,
"Mee, Doust and Maxwell",2015,10.1016/j.jtherbio.2015.02.010,16,8,8,EUM,3,Early_Follicular,,OCP,5,Placebo,,,,,,,,,
"Mee, Gibson, Doust and Maxwell",2015,10.1111/sms.12417,16,8,8,EUM,5,Early_Follicular,,OCP,3,Pill,,,,,,,,,
Periard and Racinais,2015,10.1111/sms.12379,11,10,1,Amenorrheic/Oligomenorrheic,1,,,,,,,,,,,,,,
Pintu,2015,,13,,13,Not_Reported,,,,,,,,,,,,,,,
"Priego Quesada, Lucas-Cuevas, Gil-Calvo, Gimenez, Aparicio, Cibrian Ortiz De Anda, Salvador Palmer, Llana-Belloch and Perez-Soriano",2015,10.1016/j.jtherbio.2015.06.005,44,29,15,EUM,15,Luteal,,,,,,,,,,,,,
"Pritchett, Al-Nawaiseh, Pritchett, Nethery, Bishop and Green",2015,10.5604/20831862.1163370,14,6,8,Not_Reported,,,,,,,,,,,,,,,
"Reynolds, Evanich and Eberman",2015,,19,14,5,Not_Reported,,,,,,,,,,,,,,,
"Richmond, Davey, Griggs and Havenith",2015,10.1093/annhyg/mev054,21,12,9,Not_Reported,,,,,,,,,,,,,,,
"Rudenko, Mahliovanyy, Shyyan and Prystupa",2015,,20,14,6,Not_Reported,,,,,,,,,,,,,,,
"Schlader, Ganio, Pearson, Lucas, Gagnon, Rivas, Kowalske and Crandall",2015,10.1152/japplphysiol.00176.2015,34,20,14,Not_Reported,,,,,,,,,,,,,,,
"Solianik, Skurvydas, Pukenas and Brazaitis",2015,10.1016/j.cryobiol.2015.04.012,32,18,14,EUM,14,Follicular,,,,,,,,,,,,,
"Somboonwong, Chutimakul and Sanguanrungsirikul",2015,https://protect-au.mimecast.com/s/WrPpCNLwQEi0RMpnnUrTdTl?domain=journals-lww-com.ezp01.library.qut.edu.au,,,,,,,,,,,,,,,,,,,
"Taylor, Haberley and Hoyle",2015,10.1007/s00484-014-0911-8,16,8,8,Not_Controlled,8,,,,,,,,,,,,,,
"Veltmeijer, Eijsvogels, Thijssen and Hopman",2015,10.1016/j.jsams.2014.04.007,227,111,116,Not_Reported,,,,,,,,,,,,,,,
"Vincent, Ferguson, Tran, Larsen, Wolkow and Aisbett",2015,10.1371/journal.pone.0115329,35,30,5,Not_Reported,,,,,,,,,,,,,,,
Wall-Scheffler,2015,,14,9,5,EUM,5,Follicular,,,,,,,,,,,,,
"Wark, Henningham, Gorelik, Jayasinghe, Hartley and Garland",2015,10.2196/mhealth.4263,15,,15,EUM,11,Follicular,Luteal,OCP,4,Pill,Placebo,,,,,,,,
"Wernke, Schroeder, Kelley, Denune and Colvin",2015,,16,14,2,Not_Reported,,,,,,,,,,,,,,,
Yang and Chan,2015,10.1016/j.jtherbio.2014.12.007,12,10,2,Not_Reported,,,,,,,,,,,,,,,
Zimmermann and Landers,2015,10.1080/17461391.2014.965751,9,,9,OCP,9,Not_Reported,,,,,,,,,,,,,
"Adzika Nsatimba, Pathak and Soares",2016,,61,21,40,EUM,40,Not_Reported,,,,,,,,,,,,,
"Amano, Ichinose, Inoue, Nishiyasu, Koga, Kenny and Kondo",2016,10.1152/ajpregu.00545.2015,12,6,6,EUM,6,Early_Follicular,,,,,,,,,,,,,
"Bailey, Cable, Aziz, Dobson, Sprung, Low and Jones",2016,10.1097/gme.0000000000000625,21,,21,Amenorrheic/Oligomenorrheic,21,,,,,,,,,,,,,,
"Benda, Eijsvogels, Van Dijk, Bellersen, Thijssen and Hopman",2016,10.1177/2047487315574281,14,12,2,Not_Reported,,,,,,,,,,,,,,,
"Bracci, Ciarapica, Copertaro, Barbaresi, Manzella, Tomasetti, Gaetani, Monaco, Amati, Valentino, Rapisarda and Santarelli",2016,10.3390/ijms17050623,48,,48,Not_Reported,,,,,,,,,,,,,,,
"Buono, Krippes, Kolkhorst, Williams and Cabrales",2016,10.1113/ep085504,9,4,5,Not_Reported,,,,,,,,,,,,,,,
"Butts, Luhring, Smith, Tucker, Moyen, Ganio, Mcdermott, Butts, Luhring, Smith, Tucker, Moyen, Ganio and Mcdermott",2016,,14,8,6,Not_Reported,,,,,,,,,,,,,,,
"Butts, Mcdermott, Buening, Bonacci, Ganio, Adams, Tucker and Kavouras",2016,10.4085/1062-6050-51.4.01,17,10,7,Not_Reported,,,,,,,,,,,,,,,
"Castellani, Zambraski, Sawka and Urso",2016,10.14814/phy2.12777,8,5,3,Not_Reported,,,,,,,,,,,,,,,
"Corder, Newsham, Mcdaniel, Ezekiel and Weiss",2016,,27,,27,Not_Reported,,,,,,,,,,,,,,,
"Cui, Blaha and Sinoway",2016,10.1152/japplphysiol.00212.2016,14,9,5,Not_Reported,,,,,,,,,,,,,,,
"Diversi, Franks-Kardum and Climstein",2016,10.1186/s13728-016-0044-2,9,6,3,Not_Reported,,,,,,,,,,,,,,,
"Dotti, Ferri, Moncalero and Colonna",2016,10.1016/j.apergo.2016.04.002,5,2,3,Not_Reported,,,,,,,,,,,,,,,
"Dupont Rocher, Bessot, Sesboue, Bulla and Davenne",2016,10.1093/gerona/glv195,29,15,14,Not_Reported,,,,,,,,,,,,,,,
"Forsyth, Pumpa, Knight and Miller",2016,10.1080/10790268.2016.1180098,16,14,2,Not_Reported,,,,,,,,,,,,,,,
"Garc�a, Ram�rez and Valdez",2016,,10,2,8,EUM,8,Follicular,,,,,,,,,,,,,
"Gr�lot, Koulibaly, Maugey, Janvier, Foissaud, Aletti, Savini, Cotte, Dampierre, Granier, Carmoi and Sagui",2016,10.1093/infdis/jiv585,25,14,11,Not_Reported,,,,,,,,,,,,,,,
"Hashimoto, Ishijima, Suzuki and Higuchi",2016,https://protect-au.mimecast.com/s/AlnZCOMxVEHpG2kPPC5KdFN?domain=minervamedica.it,,,,,,,,,,,,,,,,,,,
"Hosokawa, Adams, Stearns and Casa",2016,,30,15,15,Not_Reported,,,,,,,,,,,,,,,
"Hostler, Colburn, Rittenberger and Reis",2016,10.3109/10903127.2016.1168890,42,38,4,Not_Reported,,,,,,,,,,,,,,,
"Keppler, Rosburg, Lemoine, Pfluger, Gyr and Mager",2016,10.1007/s10484-016-9337-x,14,3,11,Not_Reported,,,,,,,,,,,,,,,
Long,2016,,20,10,10,Not_Reported,,,,,,,,,,,,,,,
"Luhring, Butts, Smith, Bonacci, Ylanan, Ganio and Mcdermott",2016,10.4085/1062-6050-51.12.07,16,9,7,Not_Reported,,,,,,,,,,,,,,,
Mathers and Grealy,2016,10.3389/fpsyg.2016.01246,6,3,3,EUM,3,Follicular,,,,,,,,,,,,,
"Mcfarlin, Henning, Venable, Williams and Best Sampson",2016,10.1080/00140139.2015.1108460,14,8,6,Not_Reported,,,,,,,,,,,,,,,
"Mcgowan, Pyne, Thompson and Rattray",2016,10.1123/ijspp.2015-0581,10,6,4,Not_Reported,,,,,,,,,,,,,,,
"Mee, Gibson, Tuttle, Taylor, Watt, Doust and Maxwell",2016,10.1080/23328940.2016.1214336,10,5,5,EUM,5,Follicular,,,,,,,,,,,,,
Morris and Pilcher,2016,10.1016/j.biopsycho.2016.09.011,44,20,24,Not_Reported,,,,,,,,,,,,,,,
"Sambaher, Aboodarda, Silvey, Button and Behm",2016,10.1519/jsc.0000000000001011,15,7,8,Not_Reported,,,,,,,,,,,,,,,
"Schlader, Temple and Hostler",2016,10.1080/23328940.2016.1148526,10,5,5,EUM,5,Not_Controlled,,,,,,,,,,,,,
"Simonis, Petersen, Lagendijk and Van Den Berg",2016,10.1002/mrm.25710,15,9,6,Not_Reported,,,,,,,,,,,,,,,
"Simonsick, Meier, Shaffer, Studenski and Ferrucci",2016,10.1007/s11357-016-9952-8,762,396,366,Not_Reported,,,,,,,,,,,,,,,
"Thomas, Van Rij, Lucas, Gray and Cotter",2016,10.1080/23328940.2016.1156215,10,8,2,EUM,2,Early_Follicular,,,,,,,,,,,,,
"Trbovich, Kiratli and Price",2016,10.1016/j.jtherbio.2016.10.006,10,9,1,Not_Reported,,,,,,,,,,,,,,,
"Valentino, Stuempfle, Kern and Hoffman",2016,10.1080/15438627.2016.1191491,30,23,7,Not_Reported,,,,,,,,,,,,,,,
"Walsh, Ruoff, Varbel, Walker, Grinberg, Boxer, Kramer, Miller and Neylan",2016,10.1016/j.sleep.2016.05.002,17,9,8,Not_Reported,,,,,,,,,,,,,,,
"Yeung, Ting, Hon, Fung, Choi, Cheng and Yeung",2016,10.1097/md.0000000000002455,20,10,10,Not_Reported,,,,,,,,,,,,,,,
"Adams, Hosokawa, Belval, Huggins, Stearns and Casa",2017,10.1016/j.jsams.2016.07.009,32,16,16,Not_Reported,,,,,,,,,,,,,,,
"Akerman, Lucas, Katare and Cotter",2017,10.3389/fphys.2017.00756,10,4,6,OCP,6,Placebo,,,,,,,,,,,,,
"Alexandre, Prieto, Beaumont, Taiar and Polidori",2017,10.1016/j.jss.2016.10.019,4,2,2,Not_Reported,,,,,,,,,,,,,,,
"Andersen, Saber, Pedersen, Loft, Hansen, Koponen, Pedersen, Ebbehoj, Norskov, Clausen, Garde, Vogel and Moller",2017,10.1186/s12940-017-0303-8,43,32,11,Not_Reported,,,,,,,,,,,,,,,
"Butts, Spisla, Adams, Smith, Paulsen, Caldwell, Ganio and Mcdermott",2017,10.7205/milmed-d-17-00057,13,11,2,Not_Reported,,,,,,,,,,,,,,,
"Caldwell, Robinson, Tucker, Arcement, Butts, Mcdermott, Ganio, Caldwell, Robinson, Tucker, Arcement, Butts, Mcdermott and Ganio",2017,,9,6,3,Amenorrheic/Oligomenorrheic,,,,,,,,,,,,,,,
"Casadio, Storey, Merien, Kilding, Cotter, Laursen, Casadio, Storey, Kilding, Cotter and Laursen",2017,,16,8,8,OCP,4,Placebo,Pill,EUM,4,Follicular,Luteal,,,,,,,,
"Cernych, Baranauskiene, Eimantas, Kamandulis, Daniuseviciute and Brazaitis",2017,10.3389/fpsyg.2017.01344,21,10,11,Not_Reported,,,,,,,,,,,,,,,
"Christensen, Lipman, Grahn, Shea, Einhorn and Heller",2017,10.1016/j.wem.2017.02.009,8,6,2,Not_Reported,,,,,,,,,,,,,,,
"Collett, Meaney, Howells and Dawes",2017,10.3109/09638288.2016.1152604,8,2,6,Not_Reported,,,,,,,,,,,,,,,
"Coombs, Cramer, Ravanelli, Imbeault and Jay",2017,10.1152/japplphysiol.00829.2016,8,7,1,IUD,1,Cont._Hormone,,,,,,,,,,,,,
"Cordery, Peirce, Maughan and Watson",2017,10.1111/sms.12753,9,,9,EUM,9,Follicular,,,,,,,,,,,,,
"Ensari, Motl, Klaren, Fernhall, Smith and Horn",2017,10.1080/00140139.2016.1198496,21,20,1,Not_Reported,,,,,,,,,,,,,,,
"Filingeri, Chaseling, Hoang, Barnett, Davis and Jay",2017,10.1113/ep086320,8,5,3,Not_Reported,,,,,,,,,,,,,,,
"Fogt, Henning, Venable and Mcfarlin",2017,,14,8,6,Not_Reported,,,,,,,,,,,,,,,
"Fournier, Iten, Marques-Vidal, Boulat, Bardy, Beggah, Calderara, Morawiec, Lauriers, Monney, Iglesias, Pascale, Harbaoui, Eeckhout and Muller",2017,10.1007/s00392-017-1152-8,17,8,9,Not_Reported,,,,,,,,,,,,,,,
"Fujii, Aoki-Murakami, Tsuji, Kenny, Nagashima, Kondo and Nishiyasu",2017,10.14814/phy2.13465,14,,14,Not_Reported,,,,,,,,,,,,,,,
"Gabel, Reichert, Maire, Schmidt, Schlangen, Kolodyazhniy, Garbazza, Cajochen and Viola",2017,10.1038/s41598-017-07060-8,38,24,14,EUM,,Luteal,,OCP,,Not_Reported,,,,,,,,,
"Griggs, Havenith, Paulson, J Price and Goosey-Tolfrey",2017,10.1016/j.jsams.2017.03.010,8,7,1,Not_Reported,,,,,,,,,,,,,,,
"Griggs, Havenith, Price, Mason and Goosey-Tolfrey",2017,10.1055/s-0042-121263,17,16,1,Not_Reported,,,,,,,,,,,,,,,
"Gubin, Weinert, Rybina, Danilova, Solovieva, Durov, Prokopiev and Ushakov",2017,10.1080/07420528.2017.1288632,173,123,50,Not_Reported,,,,,,,,,,,,,,,
"Hosokawa, Adams, Belval, Vandermark and Casa",2017,10.1016/j.annemergmed.2016.08.428,14,8,6,EUM,6,Luteal,,,,,,,,,,,,,
Houten and Cooper,2017,10.1080/08990220.2017.1372739,18,11,7,Not_Reported,,,,,,,,,,,,,,,
"Hunter, Shah, Langrish, Raftis, Lucking, Brittan, Venkatasubramanian, Stables, Stelzle, Marshall, Graveling, Flapan, Newby and Mills",2017,10.1161/circulationaha.116.025711,19,16,3,Not_Reported,,,,,,,,,,,,,,,
"Ingraham, Ferris and David Remy",2017,10.1109/icorr.2017.8009270,3,2,1,Not_Reported,,,,,,,,,,,,,,,
"James, Richardson, Watt, Willmott, Gibson and Maxwell",2017,10.1139/apnm-2016-0349,17,16,1,EUM,1,Follicular,Luteal,,,,,,,,,,,,
"Karagul, Nalcakan, Dogru and Tas",2017,,42,25,17,Not_Reported,,,,,,,,,,,,,,,
"Lei, Stannard, Perry, Schlader, Cotter and Mundel",2017,10.1113/jp273176,10,,10,EUM,10,Early_Follicular,Mid_Luteal,,,,,,,,,,,,
Leoz-Abaurrea and Aguado-Jimenez,2017,10.1016/j.wem.2017.02.005,20,16,4,Not_Reported,,,,,,,,,,,,,,,
"Lundgren-Kownacki, Martinez, Johansson, Psikuta, Annaheim and Kuklane",2017,10.1016/j.jtherbio.2017.05.006,10,5,5,EUM,5,Early_Follicular,,,,,,,,,,,,,
"Mcgowan, Pyne, Thompson, Raglin and Rattray",2017,10.1123/ijspp.2016-0276,13,7,6,Not_Reported,,,,,,,,,,,,,,,
"Mcgowan, Pyne, Thompson, Raglin, Osborne and Rattray",2017,10.1080/02640414.2016.1223329,25,12,13,Not_Reported,,,,,,,,,,,,,,,
"Miller, Hughes, Long, Adams and Casa",2017,,17,14,3,EUM,3,Luteal,,,,,,,,,,,,,
"Minahan, Melnikoff, Quinn and Larsen",2017,10.1007/s00421-017-3628-7,16,,16,EUM,8,Follicular,,OCP,8,Pill,,,,,,,,,
"Monnard, Fares, Calonne, Miles-Chan, Montani, Durrer, Schutz and Dulloo",2017,10.3389/fendo.2017.00130,27,9,18,EUM,18,Follicular,,,,,,,,,,,,,
"Moreno-Alsasua, Garcia-Zapirain, David Rodrigo-Carbonero, Ruiz, Hamrioui and De La Torre Diez",2017,10.1007/s10916-017-0840-2,20,6,14,Not_Reported,,,,,,,,,,,,,,,
"Morris, Pilcher and Powell",2017,10.1080/22423982.2017.1379306,8,5,3,Not_Reported,,,,,,,,,,,,,,,
"Morris, Pilcher, Mulvihill and Vander Wood",2017,10.1016/j.apergo.2017.03.009,65,39,26,Not_Reported,,,,,,,,,,,,,,,
"Moyce, Mitchell, Armitage, Tancredi, Joseph and Schenker",2017,10.1136/oemed-2016-103848,283,182,101,Not_Reported,,,,,,,,,,,,,,,
"Notley, Park, Tagami, Ohnishi and Taylor",2017,10.1113/ep086112,60,36,24,EUM,18,Follicular,,OCP,6,Placebo,,,,,,,,,
�zkan Tuncay and Mollao?lu,2017,10.1111/jocn.13788,75,17,58,Not_Reported,,,,,,,,,,,,,,,
"Phillips, Noh, Gage and Yoon",2017,10.1080/17461391.2017.1328707,12,8,4,Not_Reported,,,,,,,,,,,,,,,
"Rivas, Rao, Castleberry and Ben-Ezra",2017,10.1016/j.jtherbio.2017.10.001,12,7,5,EUM,5,Early_Follicular,,,,,,,,,,,,,
"Sagui, Beighau, Jouvion, Trichereau, Cornet, Berthelot, Canini and Grelot",2017,10.7205/milmed-d-16-00251,40,38,2,OCP,2,Not_Reported,,,,,,,,,,,,,
"Schlader, Chapman, Sarker, Russo, Rideout, Parker, Johnson and Hostler",2017,10.1249/mss.0000000000001254,29,19,10,EUM,10,Follicular,,,,,,,,,,,,,
"Silva, Santos, Andrade, Santos, Moreira, Sillero-Quintana and Ferreira",2017,,38,5,33,Not_Reported,,,,,,,,,,,,,,,
"Sim, Joo, Kim, Jang, Kim, Hong, Kim and Park",2017,10.1109/jbhi.2016.2529655,17,14,3,Not_Reported,,,,,,,,,,,,,,,
"Snipe, Khoo, Kitic, Gibson and Costa",2017,10.1139/apnm-2017-0361,11,6,5,Not_Reported,,,,,,,,,,,,,,,
"Stahn, Werner, Opatz, Maggioni, Steinach, Von Ahlefeld, Moore, Crucian, Smith, Zwart, Schlabs, Mendt, Trippel, Koralewski, Koch, Chouk�r, Reitz, Shang, R�cker, Kirsch and Gunga",2017,10.1038/s41598-017-15560-w,11,7,4,Not_Reported,,,,,,,,,,,,,,,
"Towey, Easton, Simpson and Pedlar",2017,10.1016/j.jtherbio.2016.11.010,15,11,4,Not_Reported,,,,,,,,,,,,,,,
"Tze-Huan, Cotter, Stannard, Schlader, Perry, Yu-Tzu and Mundel",2017,https://protect-au.mimecast.com/s/0mo8CP7yXMcKl5nDDiBqvwb?domain=physoc.onlinelibrary.wiley.com,,,,,,,,,,,,,,,,,,,
"Veltmeijer, Eijsvogels, Barteling, Verbeek-Knobbe, Van Heerde and Hopman",2017,10.1016/j.jsams.2016.01.007,62,43,19,Not_Reported,,,,,,,,,,,,,,,
"Vincent, Aisbett, Larsen, Ridgers, Snow and Ferguson",2017,10.3390/ijerph14020180,30,27,3,Not_Reported,,,,,,,,,,,,,,,
"Wallace, Coletta, Vlaar, Cheung, Taber, Mckinlay and Wilson",2017,,18,14,4,EUM,4,Mid_Follicular,Mid_Luteal,,,,,,,,,,,,
"Yeo, Lim and Yoon",2017,10.1007/s10916-017-0860-y,31,28,3,Not_Reported,,,,,,,,,,,,,,,
"Zimmermann, Landers and Wallman",2017,10.1123/ijsnem.2016-0028,10,,10,OCP,10,Not_Reported,,,,,,,,,,,,,
Archer,2018,https://protect-au.mimecast.com/s/rHVUCQnzZNUkxNLDDUQnOQM?domain=researchgate.net,,,,,,,,,,,,,,,,,,,
"Atalay, �nal, O?ul, Ercan and �etin",2018,,30,16,14,Not_Reported,,,,,,,,,,,,,,,
"Buono, Kolding, Leslie, Moreno, Norwood, Ordille and Weller",2018,10.1016/j.jtherbio.2017.12.001,4,3,1,EUM,1,Follicular,,,,,,,,,,,,,
"Chaglla E, Celik and Balachandran",2018,10.3390/s18103315,10,4,6,Not_Reported,,,,,,,,,,,,,,,
"Cheung, Liu, Wong, Bae, Hui, Tsang, Cheng and Fong",2018,10.1155/2018/7575123,40,19,21,Not_Reported,,,,,,,,,,,,,,,
Chrisinger and King,2018,10.1186/s12942-018-0140-1,14,6,8,Not_Reported,,,,,,,,,,,,,,,
"Coletta, Mallette, Gabriel, Tyler and Cheung",2018,10.1371/journal.pone.0195219,20,13,7,EUM,7,Early_Follicular,,,,,,,,,,,,,
"Darzi, Gaweesh, Ahmed and Novak",2018,10.3389/fnins.2018.00568,21,15,6,Not_Reported,,,,,,,,,,,,,,,
Davy and Gobel,2018,10.1080/07420528.2017.1391277,33,18,15,Not_Reported,,,,,,,,,,,,,,,
"De Oliveira, De Araujo, De Andrade, Dos Santos, Moreira, Sillero-Quintana and De Almeida Ferreira",2018,10.12965/jer.1836056.028,31,11,20,Not_Reported,,,,,,,,,,,,,,,
"Early, Earnest, Theall, Lemoine, Harrell and Johannsen",2018,10.14814/phy2.13672,16,6,10,EUM,10,Follicular,,,,,,,,,,,,,
"Edwards, Barfield, Niemiro, Beals, Broad, Motl, De Lisio, Burd and Pilutti",2018,10.1038/s41394-018-0114-3,7,4,3,Not_Reported,,,,,,,,,,,,,,,
"Ekhart, Wicht, Kersken, Ackermann, Kaczmarczyk, Pretzsch, Alexander and Korf",2018,10.1080/07420528.2017.1375942,37,,37,EUM,37,Follicular,Luteal,,,,,,,,,,,,
"Ely, Blanchard, Steele, Francisco, Cheuvront and Minson",2018,10.1249/mss.0000000000001550,13,7,6,EUM,,Early_Follicular,,OCP,,Placebo,,,,,,,,,
"Fournier, Guenat, Fournier, Alberio, Bonny, Bertaggia Calderara, Bardy, Lauriers, Harbaoui, Monney, Pascale, Eeckhout and Muller",2018,10.1093/ehjcvp/pvy003,25,14,11,Not_Reported,,,,,,,,,,,,,,,
Galbraith and Willmott,2018,10.1080/17461391.2017.1411528,9,6,3,Not_Reported,,,,,,,,,,,,,,,
"Geisler, Schweitzer and Muller",2018,10.1152/japplphysiol.00162.2017,40,20,20,Not_Reported,,,,,,,,,,,,,,,
"Gerrett, Amano, Inoue, Havenith and Kondo",2018,10.14814/phy2.13619,12,7,5,Not_Reported,,,,,,,,,,,,,,,
"Grahn, Makam and Craig Heller",2018,10.1080/15459624.2018.1470635,23,12,11,Not_Reported,,,,,,,,,,,,,,,
Grimbuhler and Viel,2018,10.1093/annweh/wxy056,42,17,25,Not_Reported,,,,,,,,,,,,,,,
"Hanson, Carriveau, Morgan, Smith, Michael and Miller",2018,10.1519/jsc.0000000000001933,11,6,5,Not_Reported,,,,,,,,,,,,,,,
"Hoffman, Snipe and Costa",2018,10.1007/s00421-018-3996-7,12,7,5,Not_Reported,,,,,,,,,,,,,,,
"Horn, Kesler, Kerber, Fent, Schroeder, Scott, Fehling, Fernhall and Smith",2018,10.1080/00140139.2017.1355072,40,36,4,Not_Reported,,,,,,,,,,,,,,,
"Imai, Takeda, Suzuki, Naghavi, Yamashina, Ota, Matsumura, Yokoyama, Miyagawa and Okazaki",2018,10.1007/s00421-017-3797-4,10,9,1,EUM,1,Early_Follicular,,,,,,,,,,,,,
"Juliff, Peiffer and Halson",2018,10.1123/ijspp.2016-0809,12,,12,Not_Reported,,,,,,,,,,,,,,,
"Kesler, Ensari, Bollaert, Motl, Hsiao-Wecksler, Rosengren, Fernhall, Smith and Horn",2018,10.1080/00140139.2017.1360519,30,29,1,Not_Reported,,,,,,,,,,,,,,,
"Komarzynski, Huang, Innominato, Maurice, Arbaud, Beau, Bouchahda, Ulusakarya, Beaumatin, Breda, Finkenstadt and Levi",2018,10.2196/jmir.9779,55,23,32,Not_Reported,,,,,,,,,,,,,,,
"Kwiecien, Mchugh and Howatson",2018,10.1080/02640414.2017.1312492,8,6,2,Not_Reported,,,,,,,,,,,,,,,
"Larsen, Cox, Quinn, Fisher and Minahan",2018,,18,,18,EUM,9,Follicular,,OCP,9,Pill,,,,,,,,,
"Lasanen, Malo, Airaksinen, Karhu, Toyras and Julkunen",2018,10.1080/10803548.2017.1336299,14,,14,Not_Reported,,,,,,,,,,,,,,,
"Laxminarayan, Rakesh, Oyama, Kazman, Yanovich, Ketko, Epstein, Morrison and Reifman",2018,10.1152/japplphysiol.00837.2017,166,148,18,Not_Reported,,,,,,,,,,,,,,,
"Martinez-Nicolas, Madrid, Garcia, Campos, Moreno-Casbas, Almaida-Pagan, Lucas-Sanchez and Rol",2018,10.1038/s41598-018-33195-3,88,42,46,Not_Reported,,,,,,,,,,,,,,,
"Mee, Peters, Doust and Maxwell",2018,10.1016/j.jsams.2017.06.024,9,,9,EUM,5,Follicular,,OCP,4,Placebo,,,,,,,,,
"Mueller, Fischer, Herger, Nuesch, Egloff, Itin, Cajacob, Brandt and Mundermann",2018,10.1111/exd.13776,20,,20,Not_Reported,,,,,,,,,,,,,,,
"Ou-Yang, Meyer, Houser and Grove",2018,10.1111/ics.12440,24,,24,Not_Reported,,,,,,,,,,,,,,,
"Ravanelli, Coombs, Imbeault and Jay",2018,10.1249/mss.0000000000001439,8,6,2,EUM,2,Not_Reported,,,,,,,,,,,,,
"Relf, Willmott, Mee, Gibson, Saunders, Hayes and Maxwell",2018,10.1080/02640414.2017.1306652,9,,9,EUM,,Early_Follicular,,OCP,,Placebo,,,,,,,,,
"Saycell, Lomax, Massey and Tipton",2018,10.1136/bjsports-2017-098914,11,9,2,Not_Reported,,,,,,,,,,,,,,,
"Schubert, Clark, De La Rosa and Newcomer",2018,10.1016/j.ctcp.2018.07.003,27,4,23,Not_Reported,,,,,,,,,,,,,,,
"Shilaih, Goodale, Falco, Kubler, De Clerck and Leeners",2018,10.1042/bsr20171279,136,,136,EUM,136,Follicular,Luteal,,,,,,,,,,,,
Snipe and Costa,2018,10.1016/j.jsams.2017.12.014,12,6,6,EUM,6,Follicular,,,,,,,,,,,,,
"Snipe, Khoo, Kitic, Gibson and Costa",2018,10.1007/s00421-017-3781-z,10,6,4,Not_Reported,,,,,,,,,,,,,,,
"Snipe, Khoo, Kitic, Gibson and Costa",2018,10.1055/s-0043-122742,10,6,4,Not_Reported,,,,,,,,,,,,,,,
"Sol, Ruby, Gaskill, Dumke and Domitrovich",2018,10.1016/j.wem.2018.03.006,131,116,15,Not_Reported,,,,,,,,,,,,,,,
"Szymanski, Gillum, Gould, Morin and Kuennen",2018,10.1152/japplphysiol.00515.2017,8,6,2,OCP,1,Pill,,EUM,1,Not_Reported,,,,,,,,,
"Tomova-Simitchieva, Lichterfeld-Kottner, Blume-Peytavi and Kottner",2018,10.1111/iwj.12883,15,,15,Not_Reported,,,,,,,,,,,,,,,
"Trotter, Pizzey, Batterson, Jacobs and Pearson",2018,10.1152/ajpregu.00182.2018,11,9,2,EUM,2,Follicular,,,,,,,,,,,,,
"Vargas, Chapman, Johnson, Gathercole and Schlader",2018,10.1152/ajpregu.00178.2018,16,8,8,EUM,4,Follicular,,OCP,4,Placebo,,,,,,,,,
"Vargas, Chapman, Sackett, Abdul-Rashed, Mcbryde, Johnson, Gathercole and Schlader",2018,10.1016/j.physbeh.2018.02.001,12,6,6,EUM,,Follicular,,OCP,,Placebo,,,,,,,,,
"Vincent, Ferguson, Larsen, Ridgers, Snow and Aisbett",2018,10.1007/s00420-018-1304-9,31,26,5,Not_Reported,,,,,,,,,,,,,,,
"Waldock, Hayes, Watt and Maxwell",2018,10.1016/j.puhe.2018.04.012,27,17,10,Not_Reported,,,,,,,,,,,,,,,
"Welles, Buller, Looney, Rumpler, Gribok and Hoyt",2018,10.1016/j.jtherbio.2017.12.007,15,11,4,Not_Reported,,,,,,,,,,,,,,,
"Willmott, Gibson, James, Hayes and Maxwell",2018,10.1080/23328940.2018.1426949,10,6,4,OCP,4,Pill,,,,,,,,,,,,,
Wilson,2018,10.1016/j.jtherbio.2018.08.006,28,26,2,Not_Reported,,,,,,,,,,,,,,,
"Acosta, Martinez-Tellez, Blondin, Haman, Rensen, Llamas-Elvira, Martinez-Nicolas and Ruiz",2019,10.1177/0748730419865400,77,20,57,Not_Reported,,,,,,,,,,,,,,,
"Akbas, Unver and Erdem",2019,10.1159/000497618,210,,210,Not_Reported,,,,,,,,,,,,,,,
"Allen, Huang, Morris, Chaseling, Frohman, Jay and Davis",2019,10.1249/mss.0000000000001821,12,3,9,Not_Reported,,,,,,,,,,,,,,,
"Belinch�n-Demiguel, Ruisoto-Palomera and Clemente-Su�rez",2019,10.1007/s10916-019-1188-6,1,,1,Not_Reported,,,,,,,,,,,,,,,
"Bright, Chaseling, Jay and Morris",2019,10.1016/j.jsams.2018.09.225,12,8,4,EUM,4,Follicular,,,,,,,,,,,,,
"Burfield, Carkeet and Ostrin",2019,10.1167/iovs.19-26711,42,14,28,Not_Reported,,,,,,,,,,,,,,,
"Charkoudian, Mitchell, Yurkevicius, Luippold, Bradbury and Kenefick",2019,10.1152/ajpregu.00143.2019,13,11,2,Not_Reported,,,,,,,,,,,,,,,
"Chowdhury, Tjondronegoro, Chandran, Zhang and Trost",2019,10.3390/s19204509,22,17,5,Not_Reported,,,,,,,,,,,,,,,
"De Nardi, Silvani, Ruggeri, Luzi, La Torre and Codella",2019,10.1016/j.cryobiol.2019.03.002,50,,50,Not_Reported,,,,,,,,,,,,,,,
"Diaz-Piedra, Gomez-Milan and Di Stasi",2019,10.1016/j.apergo.2019.06.001,12,6,6,Not_Reported,,,,,,,,,,,,,,,
"Diment, Thompson and Bergmann",2019,10.1016/j.clinbiomech.2019.07.020,30,25,5,Not_Reported,,,,,,,,,,,,,,,
"English, Mavros and Jay",2019,10.1016/j.physbeh.2019.112567,12,9,3,EUM,3,Follicular,,,,,,,,,,,,,
"Ferguson, Barthel, Pruett, Buckingham and Waaso",2019,10.1249/mss.0000000000001997,12,6,6,EUM,6,Follicular,Luteal,,,,,,,,,,,,
"Furr, Warner, Copeland, Robles-Rodr�guez, Ponce-Gonz�lez, Nessler and Newcomer",2019,,48,38,10,Not_Reported,,,,,,,,,,,,,,,
"Gil-Calvo, Priego-Quesada, Jimenez-Perez, Lucas-Cuevas and Perez-Soriano",2019,10.1088/1361-6579/ab1c8c,24,18,6,Not_Reported,,,,,,,,,,,,,,,
"Gorlova, Ichiba, Nishimaru, Takamura, Matsumoto, Hori, Nagashima, Tatsuse, Ono and Nishijo",2019,10.3389/fneur.2019.00066,20,,20,Not_Reported,,,,,,,,,,,,,,,
"Gosselin, Beliveau, Hamel, Casa, Hosokawa, Morais and Goulet",2019,10.1016/j.jtherbio.2019.05.010,13,10,3,Not_Reported,,,,,,,,,,,,,,,
"Hanson, Martinez, Byl, Maceri and Miller",2019,10.1123/ijspp.2018-0263,10,6,4,Not_Reported,,,,,,,,,,,,,,,
"Herrera-Valenzuela, Ibieta, Fuentes, Saez-Madain, Lopez, Verdugo, Ramirez-Campillo, Valdes-Badilla, Pardo, Franchini and Orihuela",2019,,10,5,5,Not_Reported,,,,,,,,,,,,,,,
"Hohenauer, Costello, Deliens, Clarys, Stoop and Clijsen",2019,10.1111/sms.13593,28,,28,Not_Reported,,,,,,,,,,,,,,,
Hurrie and Giesbrecht,2019,10.1139/apnm-2019-0189,9,6,3,Not_Reported,,,,,,,,,,,,,,,
"Ingraham, Ferris and Remy",2019,10.1152/japplphysiol.00714.2018,10,8,2,Not_Reported,,,,,,,,,,,,,,,
"Kirby, Lucas and Lucas",2019,10.3389/fphys.2019.00539,8,,8,EUM,2,Follicular,Luteal,OCP,2,Pill,Placebo,Implant,3,Not_Reported,,IUD,1,Not_Reported,
"Komarzynski, Bolborea, Huang, Finkenstadt and Levi",2019,10.1172/jci.insight.130423,33,15,18,EUM,11,Not_Reported,,OCP,7,Not_Reported,,,,,,,,,
"Lasselin, Sundelin, Wayne, Olsson, Paues Goranson, Axelsson and Lekander",2019,10.1016/j.bbi.2019.11.019,19,12,7,Not_Reported,,,,,,,,,,,,,,,
"Lei, Cotter, Schlader, Stannard, Perry, Barnes and Mundel",2019,10.1113/jp276233,10,,10,OCP,10,Pill,Placebo,,,,,,,,,,,,
"Leoz-Abaurrea, Tam and Aguado-Jimenez",2019,10.1016/j.jshs.2016.01.008,16,12,4,EUM,,Follicular,,EUM,,Luteal,,,,,,,,,
Levine and Buono,2019,10.1016/j.jtherbio.2019.06.006,10,5,5,Not_Reported,,,,,,,,,,,,,,,
Logan-Sprenger,2019,10.1016/j.jtherbio.2018.12.003,6,3,3,Not_Reported,,,,,,,,,,,,,,,
Logan-Sprenger and Mc Naughton,2019,10.1080/15438627.2019.1627546,11,,11,Not_Reported,,,,,,,,,,,,,,,
"Loibner, Hagauer, Schwantzer, Berghold and Zatloukal",2019,10.1371/journal.pone.0210775,19,10,9,Not_Reported,,,,,,,,,,,,,,,
"Lok, Van Koningsveld, Gordijn, Beersma and Hut",2019,10.1111/jpi.12583,10,5,5,Not_Reported,,,,,,,,,,,,,,,
"Lorenz, Spada, Sander, Riedel-Heller and Hegerl",2019,10.1016/j.jpsychires.2019.06.022,242,184,58,Not_Reported,,,,,,,,,,,,,,,
"Mallette, Green, Hodges, Fernley, Gabriel, Holmes and Cheung",2019,10.1007/s00421-019-04112-x,16,12,4,Not_Reported,,,,,,,,,,,,,,,
"Melau, Mathiassen, Stensrud, Tipton and Hisdal",2019,10.3390/sports7060130,20,12,8,Not_Reported,,,,,,,,,,,,,,,
"Miranda Hurtado, Meza Valladares, Eblen-Zajjur and Rodriguez-Fernandez",2019,10.1089/acm.2018.0261,16,,16,Not_Reported,,,,,,,,,,,,,,,
"Molzof, Prapanjaroensin, Patel, Mokashi, Gamble and Patrician",2019,10.1016/j.nlm.2019.01.002,30,,30,Not_Reported,,,,,,,,,,,,,,,
"Moreira-Marconi, Moura-Fernandes, Lopes-Souza, Teixeira-Silva, Reis-Silva, Marchon, Guedes-Aguiar, Paineiras-Domingos, S�-Caputo, Morel, Dionello, De-Carvalho, Pereira, Francisca-Santos, Silva-Costa, Ol�mpio-Souza, Lemos-Santos, Asad, Xavier, Taiar, Sonza, Seixas, Cochrane and Bernardo-Filho",2019,10.1371/journal.pone.0212512,22,7,15,Not_Reported,,,,,,,,,,,,,,,
"Moss, Bayne, Castelli, Naughton, Reeve, Trangmar, Mackenzie and Tyler",2019,10.1007/s00421-019-04269-5,16,13,3,Not_Reported,,,,,,,,,,,,,,,
"Palejwala, Wallman, Ward, Yam, Maroni, Parker and Wood",2019,10.1371/journal.pone.0222923,17,8,9,EUM,4,Not_Reported,,OCP,1,Not_Reported,,IUD,3,Not_Reported,,Amenorrheic/Oligomenorrheic,1,Not_Reported,
"Perez-Guarner, Priego-Quesada, Oficial-Casado, Cibrian Ortiz De Anda, Carpes and Palmer",2019,10.1088/1361-6579/ab0fdc,17,11,6,Not_Reported,,,,,,,,,,,,,,,
"Pethick, Murray, Mcfadyen, Brodie, Gaul and Stellingwerff",2019,10.1111/sms.13319,33,30,3,Not_Reported,,,,,,,,,,,,,,,
"Qian, Scheer, Hu and Shea",2019,10.1093/sleep/zsz253,12,6,6,Not_Reported,,,,,,,,,,,,,,,
"Racinais, Moussay, Nichols, Travers, Belfekih, Schumacher and Periard",2019,10.1136/bjsports-2018-099881,40,19,21,Not_Reported,,,,,,,,,,,,,,,
"Ravanelli, Coombs, Imbeault and Jay",2019,10.1152/japplphysiol.00220.2019,8,6,2,Not_Reported,,,,,,,,,,,,,,,
"Resuehr, Wu, Johnson, Young, Hogenesch and Gamble",2019,10.1177/0748730419826694,17,,17,OCP,4,,,,,,,,,,,,,,
"Rivas, Crandall, Suman, Moustaid-Moussa and Ben-Ezra",2019,10.1016/j.jtherbio.2019.07.017,13,8,5,EUM,5,Early_Follicular,,,,,,,,,,,,,
"Romero-Moraleda, Coso, Gutierrez-Hellin, Ruiz-Moreno, Grgic and Lara",2019,10.2478/hukin-2019-0061,13,,13,EUM,13,Early_Follicular,Late_Follicular,EUM,,Mid_Luteal,,,,,,,,,
"Roossien, Heus, Reneman and Verkerke",2019,10.1016/j.apergo.2019.103001,11,10,1,Not_Reported,,,,,,,,,,,,,,,
"Sandage, Wang and Cao",2019,10.1016/j.jvoice.2019.08.020,10,7,3,EUM,3,Follicular,,,,,,,,,,,,,
"Saycell, Lomax, Massey and Tipton",2019,10.1136/bjsports-2018-099978,12,6,6,Not_Reported,,,,,,,,,,,,,,,
"Shimose, Tadano, Sugawara, Seki, Naito, Yona, Tajima, Uchiyama and Muro",2019,10.1080/08990220.2019.1689117,17,10,7,Not_Reported,,,,,,,,,,,,,,,
"Stephenson, Hoekstra, Tolfrey and Goosey-Tolfrey",2019,10.1123/ijspp.2019-0116,28,17,11,Not_Reported,,,,,,,,,,,,,,,
"Stephenson, Tolfrey and Goosey-Tolfrey",2019,10.3389/fphys.2019.01214,28,21,7,Not_Reported,,,,,,,,,,,,,,,
"Suter, Miller, Anggraeni, Ebi, Game, Krenz, Masuda, Sheppard, Wolff and Spector",2019,10.1088/1748-9326/ab2b53,363,171,192,Not_Reported,,,,,,,,,,,,,,,
"Teo, Kanaley, Guelfi, Marston and Fairchild",2019,10.1249/mss.0000000000002139,20,9,11,Not_Reported,,,,,,,,,,,,,,,
Tornero-Aguilera and Clemente-Suarez,2019,10.3357/amhp.5217.2019,21,11,10,Not_Reported,,,,,,,,,,,,,,,
"Tumilty, Adhia, Smoliga and Gisselman",2019,10.1016/j.ptsp.2019.01.009,17,10,7,Not_Reported,,,,,,,,,,,,,,,
"Valenza, Bianco and Filingeri",2019,10.1113/jp277928,20,10,10,OCP,2,Not_Controlled,,EUM,8,Not_Controlled,,,,,,,,,
"Van Delden, Bongers, Broekens, Daanen and Eijsvogels",2019,10.1080/23328940.2018.1540964,7,3,4,Not_Reported,,,,,,,,,,,,,,,
"Vargas, Chapman, Johnson, Gathercole and Schlader",2019,10.1152/japplphysiol.00992.2018,20,10,10,EUM,6,Follicular,,OCP,4,Placebo,,,,,,,,,
"Vargas, Chapman, Johnson, Gathercole, Cramer and Schlader",2019,10.1152/japplphysiol.00379.2019,12,6,6,EUM,2,Follicular,,OCP,4,Placebo,,,,,,,,,
"Vargas, Chapman, Sackett, Johnson, Gathercole and Schlader",2019,10.1249/mss.0000000000001756,20,10,10,EUM,5,Follicular,,OCP,5,Placebo,,,,,,,,,
"Vesela, Kingma, Frijns and Van Marken Lichtenbelt",2019,10.1016/j.jtherbio.2019.07.033,19,10,9,Not_Reported,,,,,,,,,,,,,,,
"Warner, Nessler and Newcomer",2019,10.3390/sports7060145,27,,27,Not_Reported,,,,,,,,,,,,,,,
"Watkins, Hayes, Watt and Richardson",2019,10.1080/15459624.2018.1531132,16,14,2,EUM,2,Early_Follicular,,,,,,,,,,,,,
"West, Tarrier, Hodder and Havenith",2019,10.1080/00140139.2019.1657185,14,,14,Not_Reported,,,,,,,,,,,,,,,
Wohlfert and Miller,2019,10.3357/amhp.5194.2019,12,6,6,EUM,6,Follicular,,,,,,,,,,,,,
"Yamazaki, Sato, Yamashiro, Nakano, Onishi and Maruyama",2019,10.3389/fphys.2019.01361,22,7,15,Not_Reported,,,,,,,,,,,,,,,
"Yanovich, Ketko, Muginshtein-Simkovitch, Yanovich, Eliyahu, Fleischmann, Atias-Varon, Waissengrin, Makranz and Heled",2019,10.1080/02701367.2019.1599799,33,,33,EUM,,Follicular,Luteal,OCP,,Pill,Placebo,,,,,,,,